,year,player,nationality,squad,position,age,games,games_starts,minutes,goals,assists,pens_made,pens_att,cards_yellow,cards_red,goals_per90,goals_assists_per90,goals_pens_per90,goals_assists_pens_per90,Player_record
29,2019,Eric Bailly,CIV,Manchester Utd,DF,25,4,1,150,0,0,0,0,0,0,0.00,0.00,0.00,0.00,1
82,2019,Tahith Chong,NED,Manchester Utd,"FW,MF",19,3,0,37,0,0,0,0,0,0,0.00,0.00,0.00,0.00,1
96,2019,Diogo Dalot,POR,Manchester Utd,DF,20,4,1,67,0,0,0,0,0,0,0.00,0.00,0.00,0.00,1
137,2019,Bruno Fernandes,POR,Manchester Utd,MF,24,14,14,"1,186",8,7,4,4,2,0,0.61,1.14,0.30,0.83,1
146,2019,Timothy Fosu-Mensah,NED,Manchester Utd,DF,21,3,2,136,0,0,0,0,1,0,0.00,0.00,0.00,0.00,1
151,2019,Fred,BRA,Manchester Utd,MF,26,29,23,"2,163",0,0,0,0,8,0,0.00,0.00,0.00,0.00,1
157,2019,James Garner,ENG,Manchester Utd,MF,18,1,0,9,0,0,0,0,0,0,0.00,0.00,0.00,0.00,1
161,2019,David de Gea,ESP,Manchester Utd,GK,28,38,38,"3,420",0,0,0,0,2,0,0.00,0.00,0.00,0.00,1
168,2019,Angel Gomes,ENG,Manchester Utd,MF,18,2,0,21,0,0,0,0,0,0,0.00,0.00,0.00,0.00,1
175,2019,Mason Greenwood,ENG,Manchester Utd,FW,17,31,12,"1,320",10,1,0,0,0,0,0.68,0.75,0.68,0.75,1
206,2019,Odion Ighalo,NGA,Manchester Utd,FW,30,11,0,101,0,0,0,0,0,0,0.00,0.00,0.00,0.00,1
212,2019,Daniel James,WAL,Manchester Utd,FW,21,33,26,"2,287",3,6,0,0,4,0,0.12,0.35,0.12,0.35,1
221,2019,Phil Jones,ENG,Manchester Utd,DF,27,2,2,135,0,0,0,0,0,0,0.00,0.00,0.00,0.00,1
261,2019,Victor Lindelöf,SWE,Manchester Utd,DF,25,35,35,"3,092",1,0,0,0,6,0,0.03,0.03,0.03,0.03,1
262,2019,Jesse Lingard,ENG,Manchester Utd,"MF,FW",26,22,9,935,1,0,0,0,3,0,0.10,0.10,0.10,0.10,1
278,2019,Harry Maguire,ENG,Manchester Utd,DF,26,38,38,"3,420",1,1,0,0,6,0,0.03,0.05,0.03,0.05,1
286,2019,Anthony Martial,FRA,Manchester Utd,FW,23,32,31,"2,624",17,6,0,1,1,0,0.58,0.79,0.58,0.79,1
293,2019,Juan Mata,ESP,Manchester Utd,"MF,FW",31,19,8,758,0,2,0,0,1,0,0.00,0.24,0.00,0.24,1
294,2019,Nemanja Matić,SRB,Manchester Utd,MF,30,21,18,"1,581",0,2,0,0,3,0,0.00,0.11,0.00,0.11,1
306,2019,Scott McTominay,SCO,Manchester Utd,MF,22,27,20,"1,772",4,1,0,0,2,0,0.20,0.25,0.20,0.25,1
361,2019,Andreas Pereira,BRA,Manchester Utd,"MF,FW",23,25,18,"1,484",1,3,0,0,3,0,0.06,0.24,0.06,0.24,1
369,2019,Paul Pogba,FRA,Manchester Utd,MF,26,16,13,"1,204",1,3,0,1,1,0,0.07,0.30,0.07,0.30,1
380,2019,Marcus Rashford,ENG,Manchester Utd,FW,21,31,31,"2,643",17,7,6,8,3,0,0.58,0.82,0.37,0.61,1
396,2019,Marcos Rojo,ARG,Manchester Utd,DF,29,3,1,122,0,0,0,0,1,0,0.00,0.00,0.00,0.00,1
421,2019,Luke Shaw,ENG,Manchester Utd,DF,24,24,20,"1,733",0,0,0,0,7,0,0.00,0.00,0.00,0.00,1
476,2019,Axel Tuanzebe,ENG,Manchester Utd,DF,21,5,2,189,0,0,0,0,0,0,0.00,0.00,0.00,0.00,1
491,2019,Aaron Wan-Bissaka,ENG,Manchester Utd,DF,21,35,34,"3,070",0,4,0,0,8,0,0.00,0.12,0.00,0.12,1
502,2019,Brandon Williams,ENG,Manchester Utd,DF,18,17,11,"1,006",1,0,0,0,6,0,0.09,0.09,0.09,0.09,1
515,2019,Ashley Young,ENG,Manchester Utd,DF,34,12,10,955,0,0,0,0,5,0,0.00,0.00,0.00,0.00,1
